{"classes": ["Low", "Medium", "High", "Critical"], "coef": [[-0.8708812428750646, -0.7642409719305336, -0.6137725384268153, -0.6087754853825016, -2.852096597472343, 0.3956867189370471, 0.2060451956176454, 0.44436591657861474, -2.847727795395946, 0.027892657862375, 0.5419020416653232, -2.97107914695329, 0.503682838605019, -3.3319347417396306], [0.4557796826626082, 0.10498120056958374, 0.585457902857844, 0.4858565555604699, -2.339094239370956, 0.5553191560518665, 0.3507154494717901, 0.35586069945803006, -1.9090344634563194, 0.1769430558466004, 0.33082790641260573, -2.1790755256225376, 0.2614857893247503, -2.233998221538421], [-0.23610554614590634, 0.11873089323101252, -0.6476522558112597, -0.5352996688322735, 2.39960520647818, -1.1844391868691346, -0.562475823828043, -0.7056318603390475, 2.0420298525780956, -0.44028187291060905, -0.7945881927294787, 2.151270319689561, -0.7290257268939491, 2.4061730756709703], [0.6512071063583675, 0.5405288781299448, 0.6759668913802297, 0.6582185986543114, 2.791585630365122, 0.2334333118802196, 0.005715178738600049, -0.09459475569759522, 2.7147324062741633, 0.2354461592016443, -0.07814175534844463, 2.9988843528862517, -0.03614290103581552, 3.1597598876070827]], "intercept": [-3.4388752218942376, 2.7576936948408153, 4.725874764110622, -4.04469323705716], "poly_powers": [[1, 0, 0, 0], [0, 1, 0, 0], [0, 0, 1, 0], [0, 0, 0, 1], [2, 0, 0, 0], [1, 1, 0, 0], [1, 0, 1, 0], [1, 0, 0, 1], [0, 2, 0, 0], [0, 1, 1, 0], [0, 1, 0, 1], [0, 0, 2, 0], [0, 0, 1, 1], [0, 0, 0, 2]], "scaler_mean": [2.9992681847837104, 2.990708848052894, 2.9596065922355876, 3.0402820199067357, 10.671428810947818, 8.94097117530199, 8.862497442676077, 9.10839877758411, 10.551006588278698, 8.834686495197642, 9.075767878838656, 10.5973296540634, 9.032775962991405, 11.035304358676374], "scaler_scale": [1.294534343573743, 1.2675437564269045, 1.3557501514877082, 1.3386521572492525, 7.903544986733556, 5.6272533605919755, 5.865670575471574, 5.871151803997849, 7.727601169570354, 5.795282408290227, 5.774536503361261, 8.254082006028748, 6.038835599123014, 8.196551242918854]}