{"classes": ["No Deficiency", "Control Deficiency", "Significant Deficiency", "Material Weakness"], "coef": [[0.16666651764418233, 0.15708307186022974, 0.11196924425603823, 0.04128860867529128, 0.059334488184187746, -0.774219456563339, 1.0182567976584709, 1.0421847842125793, 0.8429579923666106, 0.8749876430420257, -0.7248644906131133, 0.9898629848290114, 0.9055147551690452, 0.8688432439293505, -1.1200172055456283, 0.9612940439334338, 1.0665254260673134, -1.2627354756591842, 1.2227745488315434, -1.3359468705604365], [0.9860601257570026, 0.8783529513309496, 0.7821688470019101, 0.6635095953936746, 0.47174665805886706, -3.7189347507350923, 0.632416623461243, 0.8311587478575289, 1.2292541466168307, 1.40841681325827, -3.7669520219901313, 0.8938220260662976, 1.4191652537949833, 1.3219095688758356, -3.6682990722719797, 1.5002181733886661, 1.4145813465595396, -3.617720299411782, 1.410644582170255, -3.544009205477926], [0.5460348562620536, 0.46923222856017127, 0.8266482679597916, 1.4697655709037292, 1.3184246111328137, -0.464464587395439, -0.045365431609808146, -0.19957735313572533, -0.19295091628254873, -0.3843432170563286, -0.2666696472587446, -0.1732081117958616, -0.42829192854632253, -0.32586376347463675, -0.3123831848571683, -0.5460083651353853, -0.43092507635691024, -0.6879403664267822, -0.5992346947181658, -0.5218575627918702], [-1.698761499663244, -1.5046682517513208, -1.7207863592177421, -2.1745637749726963, -1.8495057573758713, 4.9576187946939365, -1.6053079895099112, -1.6737661789344103, -1.8792612227008951, -1.89906123924395, 4.758486159861911, -1.7104768990994796, -1.896388080417691, -1.8648890493305723, 5.100699462674792, -1.9155038521867263, -2.0501816962699406, 5.568396141497816, -2.0341844362836294, 5.401813638830187]], "intercept": [-8.735108734704937, -1.2352853186964146, 4.09096756775912, 5.879426485642312], "poly_powers": [[1, 0, 0, 0, 0], [0, 1, 0, 0, 0], [0, 0, 1, 0, 0], [0, 0, 0, 1, 0], [0, 0, 0, 0, 1], [2, 0, 0, 0, 0], [1, 1, 0, 0, 0], [1, 0, 1, 0, 0], [1, 0, 0, 1, 0], [1, 0, 0, 0, 1], [0, 2, 0, 0, 0], [0, 1, 1, 0, 0], [0, 1, 0, 1, 0], [0, 1, 0, 0, 1], [0, 0, 2, 0, 0], [0, 0, 1, 1, 0], [0, 0, 1, 0, 1], [0, 0, 0, 2, 0], [0, 0, 0, 1, 1], [0, 0, 0, 0, 2]], "scaler_mean": [2.986917934609684, 3.0038094376547777, 2.981545710120557, 2.9960222666810252, 2.9997885734860783, 10.714815052984534, 8.948691252826722, 8.896745549533073, 8.953829783158977, 8.947950486679915, 10.817104955157612, 8.967712162083043, 9.001613150115553, 9.00022927303967, 10.794469593159278, 8.937827472517135, 8.939544282526859, 11.070069945644931, 8.981669950030092, 11.079770836107533], "scaler_scale": [1.3390803952307488, 1.3394901333767533, 1.3801647624906859, 1.4470385354910726, 1.442580795134055, 8.17720076383419, 5.920169462554224, 6.027500705163456, 6.231878077001351, 6.1909407654008195, 8.186358909109703, 6.067644620241728, 6.228559923809918, 6.193931993405596, 8.433234698885705, 6.325529270884575, 6.303301170182028, 8.855656204557826, 6.469778783671277, 8.832216439200465]}