{
  "_comment": "Trained on 81 expert-labelled combinations. Do not edit manually \u2014 regenerate via scripts/train_severity_model.py",
  "classes": [
    "Low",
    "Medium",
    "High",
    "Critical"
  ],
  "coef": [
    [
      -3.4665822849935357,
      -3.1966087117251143,
      -3.466582284993536,
      -3.1966087117250828,
      -2.7493770653501675,
      -3.0054287812919784,
      -2.9365268823210693,
      -3.0054287812919642,
      -2.7208306507461555,
      -3.0054287812919807,
      -2.3569782447393437,
      -2.7493770653501546,
      -3.005428781291971,
      -2.720830650746138
    ],
    [
      -0.21284764055470723,
      -0.34855800862011765,
      -0.21284764055471228,
      -0.34855800862006725,
      -0.309266416197686,
      -2.352937659808771,
      -1.6090872720051805,
      -2.352937659808748,
      -0.5142903144990127,
      -2.3529376598087834,
      0.5012057786503578,
      -0.3092664161976896,
      -2.352937659808743,
      -0.5142903144989532
    ],
    [
      1.2310363974390468,
      1.8523232554897826,
      1.2310363974390361,
      1.8523232554895,
      0.40843746439068007,
      2.4089567689781783,
      0.4203787129572981,
      2.4089567689779177,
      -1.7449711284721459,
      2.408956768978183,
      2.3313841960317707,
      0.4084374643906721,
      2.408956768977921,
      -1.744971128472439
    ],
    [
      2.448393528109278,
      1.692843464855535,
      2.4483935281092752,
      1.6928434648557147,
      2.6502060171572466,
      2.9494096721226715,
      4.125235441369013,
      2.949409672122855,
      4.9800920937174045,
      2.9494096721226826,
      -0.4756117299427093,
      2.6502060171572497,
      2.949409672122864,
      4.980092093717587
    ]
  ],
  "intercept": [
    -16.175307397500227,
    6.79306307430528,
    13.721699970845275,
    -4.3394556476503
  ],
  "poly_powers": [
    [
      1,
      0,
      0,
      0
    ],
    [
      0,
      1,
      0,
      0
    ],
    [
      0,
      0,
      1,
      0
    ],
    [
      0,
      0,
      0,
      1
    ],
    [
      2,
      0,
      0,
      0
    ],
    [
      1,
      1,
      0,
      0
    ],
    [
      1,
      0,
      1,
      0
    ],
    [
      1,
      0,
      0,
      1
    ],
    [
      0,
      2,
      0,
      0
    ],
    [
      0,
      1,
      1,
      0
    ],
    [
      0,
      1,
      0,
      1
    ],
    [
      0,
      0,
      2,
      0
    ],
    [
      0,
      0,
      1,
      1
    ],
    [
      0,
      0,
      0,
      2
    ]
  ],
  "scaler_mean": [
    2.0,
    2.0,
    2.0,
    2.0,
    4.666666666666667,
    4.0,
    4.0,
    4.0,
    4.666666666666667,
    4.0,
    4.0,
    4.666666666666667,
    4.0,
    4.666666666666667
  ],
  "scaler_scale": [
    0.816496580927726,
    0.816496580927726,
    0.816496580927726,
    0.816496580927726,
    3.2998316455372247,
    2.4037008503093262,
    2.4037008503093262,
    2.4037008503093262,
    3.299831645537224,
    2.4037008503093262,
    2.4037008503093262,
    3.299831645537224,
    2.4037008503093262,
    3.299831645537224
  ]
}